{
	"ambient" : {
		"r" : 0.25,
		"g" : 0.20725,
		"b" : 0.20725 
	},
	"diffuse" : {
		"r" : 0.25,
		"g" : 0.20725,
		"b" : 0.20725
	},
	"specular" : {
		"r" : 0.25,
		"g" : 0.20725,
		"b" : 0.20725
	},
	"shininess" : 8
}